"","Built","n","prop"
"1","3.4.0",1,0.00699300699300699
"2","3.4.1",32,0.223776223776224
"3","3.4.2",9,0.0629370629370629
"4","3.4.3",101,0.706293706293706
